Apple 아이폰 13 256GB [자급제],"1,181,169원",https://cr.shopping.naver.com/adcr.nhn?x=XiBAPKZR%2Fvl72u010fcvsf%2F%2F%2Fw%3D%3DstawNMOdlWnS2oZFn3oaiMQ1jA3w6Gfi0ALjFClBNF71N4NgkrPIjlczCBjhk2dSMXWR4xp0%2Fe0BoN7AjIg7FnOeaCfSn0tRpQaDfU57Bq%2FW0oyQJNiJI2HfE1pHIHI%2FLIK0FoqdOPEOntWn7E7cdH8v%2BjB2erv%2BZ%2Brrs5VHOiTQgGE7%2BZatKjf5hEf1XctkKBJI0dviJF7aVxSP3I1r8G5bkCnZt3PKDnGtnPfTpWXV9gLRMuJH34gK%2BdKxxm2wLCbpG%2FhRpOxy5V99xykdqi6Lj%2BvSXPWhKT0BbyrMWxS%2Bk6v2w9jBqMGR4TTsgYaQnlII%2ByYYqWVu3SSXxcjEJdIloeGokoZpzbjcid52o0ZnUQvs8GHq%2Bj7OvUNvyviyxS6nKoqtur6iGShqz9U6Fbkfowj1KoKb45p%2BXgMZysfkEdLuJh13gFOuABI1Cabywr1zQ3TaGfkdsxOv%2Bp53WSu5jnTGDpKGObFTyhFRkGDTL%2FnGINkSYp%2Bd2xAAY7UDn1UxaqwwRAbTAeA%2FJh4PWJj3y3v34G4WeChitgZXOUNlicchwRNwmJ84TyxvjggzF0c15FdYK82d0aiqw9NyzYmR1m7s2%2F%2Fe59hrLWx0FksPke%2FVP%2BgM94BPZkP5YJ%2Bex&nvMid=29029192591&catId=50001519
Apple 아이폰 13 미니 128GB [자급제],"904,920원",https://cr.shopping.naver.com/adcr.nhn?x=c8%2FgZsup0eFd765dXDhWBf%2F%2F%2Fw%3D%3DsRkXMhNkETOdJJW4rJmoOtkL3SEmW2c2QfU6hH3zZ4UcCYpaXrkpTZ0FTnmqeb1eB0sd4cG6jHkrzshlimDVGyyBSN7d493KewYtBzymHahSWT8IkuNz85qVsVYx35PHltMp7UpxtNlB5xptxB4GlwlVd6Z%2BmZ5fvTALbBBPmfKL392rcVj5mouEkJq8zyckjWMHwtdSUwlGMJoLByIBRRTMYBx1AVSExF%2FJDG79qxZoFypEAKt23XSMWLSN%2F%2BOUvnOyEDJ%2B%2FACB6rcV%2Fz%2B7IlWMjnQdnL9wtXZ1LI9BLQeEQhkkHXK4%2FmSRy5icYE%2F27nXOSVCysSuaF7Of2P30WF1wkKYhINjhllSxDelqp9gn1QQzCLreNp8sjPDBjStixjQaGLcMmduX4DYWfbsi2VO8kdsXsQNdKuUottZvasFpFiBdPxTSuvYOb67FAYBAGWR34PGgX21IX5FwB8U%2FAX%2BE%2BfGVX3hhd%2B8lUQoXxvtZD%2FkFMO4s7sTx4sbc7XXXQvaOjGxMtdSZf0nL3LrxHbMTRVIQzowSzpKl0fhzG%2BOutqaMHAJkj0DAJXiYJNZCZyUQvcT7y%2Bau6vGwLQuxcZJ5oZ7rxqfhXz2ft%2FQw0oquFbDf4gHI5rSMJU1BWcIOg&nvMid=29030650586&catId=50001519
Apple 아이폰 13 프로 128GB [자급제],"1,269,460원",https://cr.shopping.naver.com/adcr.nhn?x=vRVaxWhaMcUAhCoQt5l6tP%2F%2F%2Fw%3D%3DsgSHX%2BTeFgR%2BjbXK1PddZzvN6fWCsyvyUANuNMxJcPHvrlQPyQuHoHFsppYbPEdHawzx%2FgA8fwpocDX2HDADEX%2B3etnaobz602zbFc0hfpTO4fUxwyHmz%2Bs9iUh2qGLu%2ByFFtj8xtNOWc8TjznnkOpYZnlrSZr8PDPdBCvs8uWtdeJxHcKH4rYUhc5SxvGs%2FQff%2BKl%2BwrLZlKywJlrDo7tiJO7jbxAC%2FhHJnJbE9pD225SET%2FmTh%2Bwr3iKnDGr9FRP6PCzk5GPOOGIbyb5vG1l8ZoL3dRK8ghZS%2BqxctDGupVXemfpmeX70wC2wQT5nyi5pxiwDZPU40LYzhHX%2FcRv3YDy8JUkHeFznka%2FM1r1sc9Z0SeMqENQcl4GV2BeGrFK98KaIZa4VBE0V5wqYGSTr7mj4%2BEr18YfKKqm84wMQMKdxpmR%2FOe9hARgxC56kTdfY6%2FHjXTWDbDzPbx50kyUZ51qr3E4Hnuiv4ZhWDHnDtxsF7LFolFgeQFlnrP8JWR8jR8gVF8FlQ9pItE8Zzc8lD8NkaVSdHoje2T7udgayoitaWAGE%2BkzuQKG%2BJBD14Yjr%2Fvhuz%2FM2bOeEg7k3nONUcdxgMXPJkvfWOMW%2BFA70hjtEEnHZo%2B%2FVuCJHvsmHjrDVCYCaeglF2rgr1u2OQIzQ%3D%3D&nvMid=29030420587&catId=50001519
Apple 아이폰 13 128GB [자급제],"1,045,900원",https://cr.shopping.naver.com/adcr.nhn?x=ZaD%2BtzJhUkxuRDbuh%2Bgd1P%2F%2F%2Fw%3D%3Ds57lGVR%2FTQmyFi7T54A9dnZvLCZE3FkYburAoZafSjmtN4NgkrPIjlczCBjhk2dSMk0zofCx4ShDrW46YvsUQUeeaCfSn0tRpQaDfU57Bq%2FW0oyQJNiJI2HfE1pHIHI%2FLIK0FoqdOPEOntWn7E7cdH8v%2BjB2erv%2BZ%2Brrs5VHOiTQgGE7%2BZatKjf5hEf1XctkKihdJbsF7mPFDdM7F9nXsoJbkCnZt3PKDnGtnPfTpWXV9gLRMuJH34gK%2BdKxxm2wLCbpG%2FhRpOxy5V99xykdqi6Lj%2BvSXPWhKT0BbyrMWxS%2Bk6v2w9jBqMGR4TTsgYaQnlII%2ByYYqWVu3SSXxcjEJdJJAWoxqLgTM14viJfHPoFfUQvs8GHq%2Bj7OvUNvyviyxS6nKoqtur6iGShqz9U6Fbs6CAEPV1alWUD288iJVACEEdLuJh13gFOuABI1Cabywr1zQ3TaGfkdsxOv%2Bp53WSkG1YDduCsIlNU81UtgkO9rL%2FnGINkSYp%2Bd2xAAY7UDn9sUV4tX0WORy6hKVx6klzcyurvUOpvgOYhSrOHiruTZicchwRNwmJ84TyxvjggzF%2FxnChSWRpADh0o1mW2fs%2F8n7KwkuTJHQ9jbAwieNspmCqA6%2BrrPkSkQjk3bFq%2FUy&nvMid=29030374587&catId=50001519
Apple 아이폰 13 프로 256GB [자급제],"1,430,400원",https://cr.shopping.naver.com/adcr.nhn?x=A6h65s%2B1EhP1S1RAc2HL4f%2F%2F%2Fw%3D%3Ds%2FdLxqUHzunyuVQ7AVABVDDm1RE9z2b4yORVj9izZoH6GgjNtjvRyY8TaEm3AQ5Uw8eUlIZ6FkDi78ORuHvVK0TpsfjctYhpHCXK2nSz7tgHjq3%2F2BYWgAIk2KkTum02Q77r9emyj8jGWqMjwuCMQ7d9%2BKy%2Fm0d%2BgYWHtEf61Jo5CNclKwvLyA%2Fys%2F%2FHPPajL137zj6xS8KLGHM26HEneD2NmcbgLr0lu2cCLGgyX7c9vsepmwRk8o%2FCB4DgHhnjV4EH5eCD8mIXYFNlKaILBaTPDpGIrabitp2up06DaRfi54J8UO7LDGXdPU9Do8oyMXmq0wb8nQ9S1CNyVqQgAyPfIAOtsJofAvqUU5UxrY04VjQCpIk5kx4sJW2hrRfnKYYyQomAOCRwvaXv4BU13v9NWPGE1%2BN7%2BTgH1A8GupQyZzZyDfGo1SQoYRvXGDzWdJDnYvpfz%2Bh%2BZ6wVz3KJUXpoSJ4YK%2FhmXub29GG%2B9WM4PVL%2B%2Frl5PLPXtI0kaP8PkmKdeEMdUbtmzDI4Aa7HQcejZf8oD8KnMe3ZW%2FahKOrlMsf%2Ft3jnLgiSMn1DSAHOBASIbJJHJxstflUn134TkkCR%2F0I5xc9vcYtOfK1QtVzADfkLIyuldBS3f8m8e6nLmzUhNzs2VE%2B%2Bisqs3JAEppg%3D%3D&nvMid=29030492586&catId=50001519
Apple 아이폰 13 미니 256GB [자급제],"1,034,410원",https://cr.shopping.naver.com/adcr.nhn?x=ZSI8y375b4%2BXK5TgI2Ghff%2F%2F%2Fw%3D%3DsuTjkkLpKoGxzoWEOaL%2FjFMVf51U2qX53l%2F%2Bq644Q%2Fn2GgjNtjvRyY8TaEm3AQ5UwB9znJJG8oCGB2%2Ba5ZmGkZzpsfjctYhpHCXK2nSz7tgHjq3%2F2BYWgAIk2KkTum02Q77r9emyj8jGWqMjwuCMQ7d9%2BKy%2Fm0d%2BgYWHtEf61Jo5CNclKwvLyA%2Fys%2F%2FHPPajLdmjiUNRuai273zzzcAG2XmNmcbgLr0lu2cCLGgyX7c9vsepmwRk8o%2FCB4DgHhnjV4EH5eCD8mIXYFNlKaILBaTPDpGIrabitp2up06DaRfi54J8UO7LDGXdPU9Do8oyMXmq0wb8nQ9S1CNyVqQgAyKtywi7w6OQ5vcE5bbKN9G4VjQCpIk5kx4sJW2hrRfnKYYyQomAOCRwvaXv4BU13v79SpiWZgVZrSLH1%2F4YFcxuZzZyDfGo1SQoYRvXGDzWdJDnYvpfz%2Bh%2BZ6wVz3KJUXgQXDLsZddoOLNIdsD1Pd7oPVL%2B%2Frl5PLPXtI0kaP8PkmKdeEMdUbtmzDI4Aa7HQca7CwpL4jK4MBJIECDGD1H2d1ikJr3h5itgo9%2BoIEYA%2BsgMnDFtmjbz2PmLh9BvAecNHo8C%2B3Kua8R%2BBQh9Ll0YDfkLIyuldBS3f8m8e6nLmzUhNzs2VE%2B%2Bisqs3JAEppg%3D%3D&nvMid=29030437590&catId=50001519
Apple 아이폰 13 프로 맥스 256GB [자급제],"1,564,800원",https://cr.shopping.naver.com/adcr.nhn?x=hs94K7Q5NqmEzTKo7Z1i9v%2F%2F%2Fw%3D%3DsngBzUgd8E9QrG6n%2FLc%2BbzFQ061PqVkPit1GP3HoWssKGgjNtjvRyY8TaEm3AQ5UwHGwpfpTkbcrIag2Q3jsNjjpsfjctYhpHCXK2nSz7tgHjq3%2F2BYWgAIk2KkTum02Q77r9emyj8jGWqMjwuCMQ7d9%2BKy%2Fm0d%2BgYWHtEf61Jo5CNclKwvLyA%2Fys%2F%2FHPPajLFwJLY7jZl%2ByD9qyNvqbno2NmcbgLr0lu2cCLGgyX7c9vsepmwRk8o%2FCB4DgHhnjV4EH5eCD8mIXYFNlKaILBaTPDpGIrabitp2up06DaRfi54J8UO7LDGXdPU9Do8oyMXmq0wb8nQ9S1CNyVqQgAyEA2iax5uJzNY7LdFR%2FwR3wVjQCpIk5kx4sJW2hrRfnKYYyQomAOCRwvaXv4BU13v4BwPD7JzBPkkRc75i2yEimZzZyDfGo1SQoYRvXGDzWdJDnYvpfz%2Bh%2BZ6wVz3KJUXsds9B%2BMUzAQtFYI3wiD8cabXOdqtsjsMd83yLMTRkxvFFcURuJXcA9fpBODYEj4uncpFPyXoiGXrZHj5E1KTrYk5wvYHZsgU%2BycxNS%2BSnaOiA3%2FU2AzguC84AnoS7Lq%2BcVzOssf1PPcJEHi0O2VSm6VJMmdcLOA01P0qEG8G1WgDhLBwu%2FFQS5xWYf5w6G3jQ%3D%3D&nvMid=29030294588&catId=50001519
Apple 아이폰 13 프로 512GB [자급제],"1,652,230원",https://cr.shopping.naver.com/adcr.nhn?x=VkU0ZLd3%2BoKp5Cd3xiH3o%2F%2F%2F%2Fw%3D%3DsAFxVzJMualjKkacLoglTZ0W3S7R2g%2BEFzqGISl1pKkSGgjNtjvRyY8TaEm3AQ5UwzsVc%2Ba5PHMbe%2BqD%2B7VqArjpsfjctYhpHCXK2nSz7tgHjq3%2F2BYWgAIk2KkTum02Q77r9emyj8jGWqMjwuCMQ7d9%2BKy%2Fm0d%2BgYWHtEf61Jo5CNclKwvLyA%2Fys%2F%2FHPPajLiYCoXVZpYWHK%2BSJmDHKCzmNmcbgLr0lu2cCLGgyX7c9vsepmwRk8o%2FCB4DgHhnjV4EH5eCD8mIXYFNlKaILBaTPDpGIrabitp2up06DaRfi54J8UO7LDGXdPU9Do8oyMXmq0wb8nQ9S1CNyVqQgAyDKOaAPgBZiAHZeyWpPQdicVjQCpIk5kx4sJW2hrRfnKYYyQomAOCRwvaXv4BU13v7EMwTHm5eiJ4g0OYfZMqUSZzZyDfGo1SQoYRvXGDzWdJDnYvpfz%2Bh%2BZ6wVz3KJUXqhFrFbN1IsTjyodAHuMEs4PVL%2B%2Frl5PLPXtI0kaP8PkmKdeEMdUbtmzDI4Aa7HQccvBDugqq4OOboKxdHQtsptsuT%2FCraRIWCOAjvqEsfmcq08yIC9q9DVWOYDTyVwfXHdoz3zeLzoKvj7YPKV%2F1bkDfkLIyuldBS3f8m8e6nLmzUhNzs2VE%2B%2Bisqs3JAEppg%3D%3D&nvMid=29030416587&catId=50001519
Apple 아이폰 13 프로 맥스 128GB [자급제],"1,430,400원",https://cr.shopping.naver.com/adcr.nhn?x=01bGlVd6PTCLW0VTbLyIUP%2F%2F%2Fw%3D%3DsKOTdRvCOyjPHbi6483Sfo5vPbNDKQy49GVsjLByuHDpN4NgkrPIjlczCBjhk2dSMvO69xo9Vss07hPyGBHQdKueaCfSn0tRpQaDfU57Bq%2FW0oyQJNiJI2HfE1pHIHI%2FLIK0FoqdOPEOntWn7E7cdH8v%2BjB2erv%2BZ%2Brrs5VHOiTQgGE7%2BZatKjf5hEf1XctkKCjNzjsdpE73XW2e7c9P%2FXJbkCnZt3PKDnGtnPfTpWXV9gLRMuJH34gK%2BdKxxm2wLCbpG%2FhRpOxy5V99xykdqi6Lj%2BvSXPWhKT0BbyrMWxS%2Bk6v2w9jBqMGR4TTsgYaQnlII%2ByYYqWVu3SSXxcjEJdGMnk2c%2B4ZAtmxAMT0QlY6nUQvs8GHq%2Bj7OvUNvyviyxS6nKoqtur6iGShqz9U6Fbu4grDpiDWcjNf4Cbyqxul8EdLuJh13gFOuABI1Cabywr1zQ3TaGfkdsxOv%2Bp53WSph2%2B170Lc%2Fh1s0cur%2FyDfm9lbCAHUgYx7U3V2HOvd43o64ifB9DVeZ8ffla9GlFdjN1N8Q0UbI7dffulxtHXsIopowURwYReB7J99gfmFuREs8cFUTVf2EXpmSuc9bAhEYGs%2FD%2FOaLmZswbqlb9VvTmIjcXtWMiCxjBN4Nc5dhYQdAiJdwXirBRdnaxfvrBbw%3D%3D&nvMid=29030367587&catId=50001519
Apple 아이폰 13 미니 512GB [자급제],"1,290,640원",https://cr.shopping.naver.com/adcr.nhn?x=p1i11%2BzolphKk9nTSBhtZv%2F%2F%2Fw%3D%3Dsc70GCToRJD4GojnALEitdqMQMxK7lfhq4UybHUry2FDrlQPyQuHoHFsppYbPEdHacnZSzt0Wjv%2FDS4cQpn0eSms0wL%2FEke6lUycVG7DcKT%2B4fUxwyHmz%2Bs9iUh2qGLu%2ByFFtj8xtNOWc8TjznnkOpYZnlrSZr8PDPdBCvs8uWtdeJxHcKH4rYUhc5SxvGs%2FQ5eJoxHy7F9pVayzIa84fuyJO7jbxAC%2FhHJnJbE9pD225SET%2FmTh%2Bwr3iKnDGr9FRP6PCzk5GPOOGIbyb5vG1l8ZoL3dRK8ghZS%2BqxctDGupVXemfpmeX70wC2wQT5nyi5pxiwDZPU40LYzhHX%2FcRv0V9hNW45kjDLth5Ql1NE7w9Z0SeMqENQcl4GV2BeGrFK98KaIZa4VBE0V5wqYGSTnk7fogoobarSJssoOFFF5UKdxpmR%2FOe9hARgxC56kTdfY6%2FHjXTWDbDzPbx50kyUUL8CDsR2GxHr6Pm4W9wYJYWD%2BrNa4qE%2Bx%2FvqVwvK7Ta8jR8gVF8FlQ9pItE8Zzc8kkD8NIDYLAbwyJ7TYM8lpP2kiSQejp9Ptbdo9EPSqTljr%2Fvhuz%2FM2bOeEg7k3nONaEnjPyOwz3h6dLuZeWbSqxtjV4bucBnQiCSbsWZjKmTQdAiJdwXirBRdnaxfvrBbw%3D%3D&nvMid=29030296587&catId=50001519
Apple 아이폰 13 프로 맥스 512GB [자급제],"1,824,000원",https://cr.shopping.naver.com/adcr.nhn?x=y6%2FG8NyX851HrY3VQKfzfP%2F%2F%2Fw%3D%3Ds6FT2X4YM6rhfLEAK66n9tirl%2Bj5q2ACwx8MYynIn4c%2BGgjNtjvRyY8TaEm3AQ5Uw2vCtGpAhuVIWjv85T0teVTpsfjctYhpHCXK2nSz7tgHjq3%2F2BYWgAIk2KkTum02Q77r9emyj8jGWqMjwuCMQ7d9%2BKy%2Fm0d%2BgYWHtEf61Jo5CNclKwvLyA%2Fys%2F%2FHPPajLTOU9n1bTq7tWXjznfA1Q12NmcbgLr0lu2cCLGgyX7c9vsepmwRk8o%2FCB4DgHhnjV4EH5eCD8mIXYFNlKaILBaTPDpGIrabitp2up06DaRfi54J8UO7LDGXdPU9Do8oyMXmq0wb8nQ9S1CNyVqQgAyN474UKmpBwiasZ2hqeSlnEVjQCpIk5kx4sJW2hrRfnKYYyQomAOCRwvaXv4BU13v6Gi4IGxpUE%2FCcJXW72IVk%2BZzZyDfGo1SQoYRvXGDzWdJDnYvpfz%2Bh%2BZ6wVz3KJUXsds9B%2BMUzAQtFYI3wiD8cZlPAmOrFekIWjt9jg2%2By1jFFcURuJXcA9fpBODYEj4ujTaLVTowASY8dTSt1bXfvO%2FplP0D9i%2FI6W3IizSn8tdiA3%2FU2AzguC84AnoS7Lq%2BZh0TjbCWfGslOBFbKRjhwerBnL2dJjosvQJ98ZG42mkhWw3%2BIByOa0jCVNQVnCDoA%3D%3D&nvMid=29029192586&catId=50001519
Apple 아이폰 13 프로 1TB [자급제],"1,928,500원",https://cr.shopping.naver.com/adcr.nhn?x=jGrxekexX5vr9ZHOsYkXfP%2F%2F%2Fw%3D%3DsZTssgX%2BRuSP6RhbizQJ99UDnkCIbC7sqYsCqic9nJYzrlQPyQuHoHFsppYbPEdHa4jEK6aTNV4u0zTa8KoM0Ts%2FmS9azx6VPXepfpuySTHG4fUxwyHmz%2Bs9iUh2qGLu%2ByFFtj8xtNOWc8TjznnkOpYZnlrSZr8PDPdBCvs8uWtdeJxHcKH4rYUhc5SxvGs%2FQGZnc9CBLSwMg3sa%2BhbPIjiJO7jbxAC%2FhHJnJbE9pD225SET%2FmTh%2Bwr3iKnDGr9FRP6PCzk5GPOOGIbyb5vG1l8ZoL3dRK8ghZS%2BqxctDGupVXemfpmeX70wC2wQT5nyi5pxiwDZPU40LYzhHX%2FcRv%2FCvHYnBXR4Kte6QGAmU8MM9Z0SeMqENQcl4GV2BeGrFK98KaIZa4VBE0V5wqYGSTiPOwRC6ePOTcbfOexYPTWkKdxpmR%2FOe9hARgxC56kTdfY6%2FHjXTWDbDzPbx50kyUa%2BYPDMD9m7la%2BI9awrbzM4N%2FOXq06xFLlMCwNDQObjPLcqEhOiscytOptfh0D9%2BAq98RJE3qmnJpBQ8ppq9A09SpP47VysqU9e36kLgqBX3v4YGjJCSIW1IvBxXT1wG96NPs7GbULAyTw1mLliGBdFjtEEnHZo%2B%2FVuCJHvsmHjrDVCYCaeglF2rgr1u2OQIzQ%3D%3D&nvMid=29029192588&catId=50001519
Apple 아이폰 13 미니 256GB [LG U+],"350,000원",https://cr.shopping.naver.com/adcr.nhn?x=8qVlLdk7tpKZdgRhCP4uT%2F%2F%2F%2Fw%3D%3Ds07%2F8uZxM4yvdJLrJqSubH43mH0KOD4jhJMiKarmtxBSGgjNtjvRyY8TaEm3AQ5Uw7iEDjJ10THthMPOBw9baSTpsfjctYhpHCXK2nSz7tgHjq3%2F2BYWgAIk2KkTum02Q77r9emyj8jGWqMjwuCMQ7d9%2BKy%2Fm0d%2BgYWHtEf61Jo5CNclKwvLyA%2Fys%2F%2FHPPajLeYmWQ3q7Vfmvwq%2BPpoL3AGNmcbgLr0lu2cCLGgyX7c9vsepmwRk8o%2FCB4DgHhnjV4EH5eCD8mIXYFNlKaILBaTPDpGIrabitp2up06DaRfi54J8UO7LDGXdPU9Do8oyMXmq0wb8nQ9S1CNyVqQgAyCLqA%2B1BjYqPxHQY2e%2BnxXMVjQCpIk5kx4sJW2hrRfnKqwZ9aKCnp%2BOD2OzgCp1jz%2FipQBUlUkDfvfJv26TwKpqZzZyDfGo1SQoYRvXGDzWdJDnYvpfz%2Bh%2BZ6wVz3KJUXgQXDLsZddoOLNIdsD1Pd7rpLKfV7lHXkGfYNhWiUOPtINRw1QNF%2FOPJXb5%2B358LYPvAIYKVcKL0mm8k7rQdB6rvW2q1ZBpuV%2F%2FvtKUgTGHnjpH%2Br8DV4%2BsqtCHUaHXmmLube20%2ByMRTmam6tBiBRd%2FNjqh%2FZemCCOboDhnweAmG&nvMid=29030376589&catId=50000248
Apple 아이폰 13 프로 128GB [LG U+],"561,700원",https://cr.shopping.naver.com/adcr.nhn?x=KSet3cny%2Fwp7tU3pv1VtJf%2F%2F%2Fw%3D%3Ds76mGb7ePXbi6mYk%2Fq4B5mbH6wNvK8xjiE%2BQHjO%2Bidj%2BGgjNtjvRyY8TaEm3AQ5Uw2ouuS2vGVFOYiuEUd7wILjpsfjctYhpHCXK2nSz7tgHjq3%2F2BYWgAIk2KkTum02Q77r9emyj8jGWqMjwuCMQ7d9%2BKy%2Fm0d%2BgYWHtEf61Jo5CNclKwvLyA%2Fys%2F%2FHPPajL%2FHNuqNLq1In6IsDDJHfZwGNmcbgLr0lu2cCLGgyX7c9vsepmwRk8o%2FCB4DgHhnjV4EH5eCD8mIXYFNlKaILBaTPDpGIrabitp2up06DaRfi54J8UO7LDGXdPU9Do8oyMXmq0wb8nQ9S1CNyVqQgAyCJ%2ByKODi8dAAWUlANAU4UAVjQCpIk5kx4sJW2hrRfnKqwZ9aKCnp%2BOD2OzgCp1jz29RP4ckrtPsVw3BnEL5GUKZzZyDfGo1SQoYRvXGDzWdJDnYvpfz%2Bh%2BZ6wVz3KJUXov5TurvHzcmsFW4yXHzYi3pLKfV7lHXkGfYNhWiUOPtINRw1QNF%2FOPJXb5%2B358LYF%2BmQQnIC8aBWbFWyj1YiOTvW2q1ZBpuV%2F%2FvtKUgTGHnIpkhoTTJuBxE%2FavTp2UFVVB1hgWzwEOSsx0lPr3KA47HICEQpPL7Rm%2B2fyhjEhHR&nvMid=29030175590&catId=50000248
Apple 아이폰 13 미니 128GB [LG U+],"218,000원",https://cr.shopping.naver.com/adcr.nhn?x=RO%2FBxn9U0IbASh2CAvCq1v%2F%2F%2Fw%3D%3DsXfXKsTemUd1oHmKyKOq4xZ9Wo0tz2ROQu2ntOunKwYzrlQPyQuHoHFsppYbPEdHa73%2B9p5Bi4n%2BtZY89ON%2FB8a0BxojYqkp4oA6u9uxPQ3O4fUxwyHmz%2Bs9iUh2qGLu%2ByFFtj8xtNOWc8TjznnkOpYZnlrSZr8PDPdBCvs8uWtdeJxHcKH4rYUhc5SxvGs%2FQ7pbwbHSh%2FX5BFJKMjiN3fSJO7jbxAC%2FhHJnJbE9pD225SET%2FmTh%2Bwr3iKnDGr9FRP6PCzk5GPOOGIbyb5vG1l8ZoL3dRK8ghZS%2BqxctDGupVXemfpmeX70wC2wQT5nyi5pxiwDZPU40LYzhHX%2FcRvxDJHK9yovaTJGFx%2FQIecFw9Z0SeMqENQcl4GV2BeGrFwu4MT6sJGdDPz84qqx16D7FzrfWw9foYrFRnhEJrILEKdxpmR%2FOe9hARgxC56kTdfY6%2FHjXTWDbDzPbx50kyUctCCDv3O8qpgwhizJk%2FVqI%2BYS%2F%2BLHYOR26DZYLoloGYQbJE2qH6sAOiEA%2FCWTmW%2ByUD24IwLwj6eniph6nDxZZDE0NeKHCi6hcN76oyBZqSa4mJBeKQVvWEWsuXyfvDHBbI3rrIQVOB%2BvdFgqQ5GRRWhZ3SMHTcLlpircdRzUgq1JIslBmdxaTx7xO1%2BPPoWw%3D%3D&nvMid=29030431586&catId=50000248
Apple 아이폰 13 512GB [자급제],"1,440,000원",https://cr.shopping.naver.com/adcr.nhn?x=vtKsE90vC6ND2CmzFflf5f%2F%2F%2Fw%3D%3DsQ4SN9Wir2ahea2kzfS7HWR8Laif5FICMESjaw9m6tpmGgjNtjvRyY8TaEm3AQ5UwtkM0XljpbYfhNVZXuzvInjpsfjctYhpHCXK2nSz7tgHjq3%2F2BYWgAIk2KkTum02Q77r9emyj8jGWqMjwuCMQ7d9%2BKy%2Fm0d%2BgYWHtEf61Jo5CNclKwvLyA%2Fys%2F%2FHPPajLMeLn3DEnnxE0ondyd3T%2BMGNmcbgLr0lu2cCLGgyX7c9vsepmwRk8o%2FCB4DgHhnjV4EH5eCD8mIXYFNlKaILBaTPDpGIrabitp2up06DaRfi54J8UO7LDGXdPU9Do8oyMXmq0wb8nQ9S1CNyVqQgAyMzm3iYbanHz5ufYz%2F986GsVjQCpIk5kx4sJW2hrRfnKYYyQomAOCRwvaXv4BU13vw2Khdz52rX5sOqml3Nqyl6ZzZyDfGo1SQoYRvXGDzWdJDnYvpfz%2Bh%2BZ6wVz3KJUXtDtNJ3ikS3CYZIkRqfStoeZZd0C6e2Zyps4U6T5DErBvcQeIaAGIIQRnJcrzv7qxcZZDbeivYCm0A6K28WDnOetqaMHAJkj0DAJXiYJNZCZINK%2FB0lk1v5owyGMq2tZlGA9STCCvLjS0xTxSrU0lqzLVWGr8fvvH1mWvUgXPK6j&nvMid=29030496586&catId=50001519
Apple 아이폰 13 프로 256GB [LG U+],"793,900원",https://cr.shopping.naver.com/adcr.nhn?x=fkWqJBbEraOJOEROhllPfP%2F%2F%2Fw%3D%3DsfWSLppdSOe4NT0L7WdO5YFFdrQ8kJMaqShlmxB5vJp5N4NgkrPIjlczCBjhk2dSMW%2B0P4xyKclJRKHRyeQDVZeeaCfSn0tRpQaDfU57Bq%2FW0oyQJNiJI2HfE1pHIHI%2FLIK0FoqdOPEOntWn7E7cdH8v%2BjB2erv%2BZ%2Brrs5VHOiTQgGE7%2BZatKjf5hEf1XctkK7oakGQ6eZNyfdOEuH2mX2ZbkCnZt3PKDnGtnPfTpWXV9gLRMuJH34gK%2BdKxxm2wLCbpG%2FhRpOxy5V99xykdqi6Lj%2BvSXPWhKT0BbyrMWxS%2Bk6v2w9jBqMGR4TTsgYaQnlII%2ByYYqWVu3SSXxcjEJdDRmXvdnvCvppy9EA9b6wI7UQvs8GHq%2Bj7OvUNvyviyxeoI3z%2BL14z9v%2Fx%2BL9Zw%2FKkAYb84X6P6evVlwEmIJJLQEdLuJh13gFOuABI1Cabywr1zQ3TaGfkdsxOv%2Bp53WSsISsS%2BCTbLI5Q3DJYN6lKb5YbLlxragaaIQX6kJDBj8D6QkZjCZcMNTR4jeTmX45TxbvGJKl%2FSOX2eXiPTZxPUNauEcRynSn%2F8orOK7nc907riyzELEu6mImnunD8uhYdZPsBESKXkGnFOqB%2BAnVE%2FLVWGr8fvvH1mWvUgXPK6j&nvMid=29030415586&catId=50000248
Apple 아이폰 13 프로 맥스 1TB [자급제],"2,083,200원",https://cr.shopping.naver.com/adcr.nhn?x=Bmb4n%2FHwy2cUx6rF82SQsP%2F%2F%2Fw%3D%3DsceFhV3Cbm0uFCc4TUzIjtAkuqmZwLEA1NJZBiFaAS5iGgjNtjvRyY8TaEm3AQ5UwowP%2FeAELh2no6x2GwQFQBTpsfjctYhpHCXK2nSz7tgHjq3%2F2BYWgAIk2KkTum02Q77r9emyj8jGWqMjwuCMQ7d9%2BKy%2Fm0d%2BgYWHtEf61Jo5CNclKwvLyA%2Fys%2F%2FHPPajLC%2BPy9MaCZsnTGtLGSpgz82NmcbgLr0lu2cCLGgyX7c9vsepmwRk8o%2FCB4DgHhnjV4EH5eCD8mIXYFNlKaILBaTPDpGIrabitp2up06DaRfi54J8UO7LDGXdPU9Do8oyMXmq0wb8nQ9S1CNyVqQgAyNItQjCXpmW537%2Bi9RH6KmMVjQCpIk5kx4sJW2hrRfnKYYyQomAOCRwvaXv4BU13v%2B8SxnxmnoKSl%2Fxt25Y%2BdUyZzZyDfGo1SQoYRvXGDzWdJDnYvpfz%2Bh%2BZ6wVz3KJUXsds9B%2BMUzAQtFYI3wiD8cZeFvd5PWkdcpwADrJCxojkhOBUHb0ZqO6MTkr8MsJnIfj5%2F9P7BRYsI0%2B0uQbEdBNAoWGk6bkX%2Byk4fMEYbUM9EaThcwm2jOjlPe7qD4n4635UcXAp0YxY8AV5WqnsTC7UnVqyUpyd9C4pxHXDEBSpgqgOvq6z5EpEI5N2xav1Mg%3D%3D&nvMid=29029192590&catId=50001519
Apple 아이폰 13 128GB [LG U+],"379,000원",https://cr.shopping.naver.com/adcr.nhn?x=D7b%2FW65C3v74vjrGcov7If%2F%2F%2Fw%3D%3Ds2ROGkEWsIwztMwd8LSxPDJbBGmAFwLkfPXwtduFGgnFN4NgkrPIjlczCBjhk2dSMebScYGA%2BJJKh%2BpegiCgd%2BOeaCfSn0tRpQaDfU57Bq%2FW0oyQJNiJI2HfE1pHIHI%2FLIK0FoqdOPEOntWn7E7cdH8v%2BjB2erv%2BZ%2Brrs5VHOiTQgGE7%2BZatKjf5hEf1XctkKGll8RgYOXbcr8LPyXLkSgZbkCnZt3PKDnGtnPfTpWXV9gLRMuJH34gK%2BdKxxm2wLCbpG%2FhRpOxy5V99xykdqi6Lj%2BvSXPWhKT0BbyrMWxS%2Bk6v2w9jBqMGR4TTsgYaQnlII%2ByYYqWVu3SSXxcjEJdH4sJcMNCY8ysDQE%2BDBG0cvUQvs8GHq%2Bj7OvUNvyviyxeoI3z%2BL14z9v%2Fx%2BL9Zw%2FKpOVC1RHIUDXk8jQD21uW9UEdLuJh13gFOuABI1Cabywr1zQ3TaGfkdsxOv%2Bp53WStKWMVTtA07HCUp%2FbeQ6Tv27A%2F0vSPti8cHY4o2fastwN%2FJKacIlwQoZF%2FRZO2KyVkHZuTQIxRPdvuhagRMtqyC%2FhgaMkJIhbUi8HFdPXAb3iANR2yec8iV%2BN6eXfzTqiGO0QScdmj79W4Ike%2ByYeOsNUJgJp6CUXauCvW7Y5AjN&nvMid=29030372586&catId=50000248
Apple 아이폰 13 프로 맥스 256GB [LG U+],"932,800원",https://cr.shopping.naver.com/adcr.nhn?x=SBFApS3RF3J6HIOZqV0byf%2F%2F%2Fw%3D%3DsJfrxxtj8J79ru9wgtNUF4pa6H2clXCCTX0jf%2BuioCNxN4NgkrPIjlczCBjhk2dSMVxe9lNMzYtS8k7HPVjmzW%2BeaCfSn0tRpQaDfU57Bq%2FW0oyQJNiJI2HfE1pHIHI%2FLIK0FoqdOPEOntWn7E7cdH8v%2BjB2erv%2BZ%2Brrs5VHOiTQgGE7%2BZatKjf5hEf1XctkKueIgl4DaUtF5%2B1EuLRDA5JbkCnZt3PKDnGtnPfTpWXV9gLRMuJH34gK%2BdKxxm2wLCbpG%2FhRpOxy5V99xykdqi6Lj%2BvSXPWhKT0BbyrMWxS%2Bk6v2w9jBqMGR4TTsgYaQnlII%2ByYYqWVu3SSXxcjEJdC7L5oupL4XvOnTY40hSN%2F3UQvs8GHq%2Bj7OvUNvyviyxeoI3z%2BL14z9v%2Fx%2BL9Zw%2FKqqXgzFBNe%2B9GsspdK7tuxMEdLuJh13gFOuABI1Cabywr1zQ3TaGfkdsxOv%2Bp53WSmn2a%2BVfQD8FsYi0Ypk%2BtxGU7u6s4eGvcC%2BQhLTFP7rmSZv9Z3vZVGXYiyeb1%2FD5s%2BTSu%2FlA420N%2FUHaaqb6oZ5ULCPrROVQUYKwLH1raqiDuVccoexEXPaKmu235R38N4P0QNEJYzZLWueUkDB%2FkkoDfkLIyuldBS3f8m8e6nLmzUhNzs2VE%2B%2Bisqs3JAEppg%3D%3D&nvMid=29030190586&catId=50000248
Apple 아이폰 13 256GB [LG U+],"522,000원",https://cr.shopping.naver.com/adcr.nhn?x=EWgFU5VyQTdPM3vNFErf%2B%2F%2F%2F%2Fw%3D%3DsU%2FG48orey7vU4wKVkiLC6E7u%2FyvnkSqknLcfFQnqEUfrlQPyQuHoHFsppYbPEdHagop96xXse%2FHSdoT%2BoMLLFmhOamICI%2Flha5mSrjB%2Bzi24fUxwyHmz%2Bs9iUh2qGLu%2ByFFtj8xtNOWc8TjznnkOpYZnlrSZr8PDPdBCvs8uWtdeJxHcKH4rYUhc5SxvGs%2FQAMSjwVcmY%2FAAtFSXsxq78CJO7jbxAC%2FhHJnJbE9pD225SET%2FmTh%2Bwr3iKnDGr9FRP6PCzk5GPOOGIbyb5vG1l8ZoL3dRK8ghZS%2BqxctDGupVXemfpmeX70wC2wQT5nyi5pxiwDZPU40LYzhHX%2FcRv7rKRgNODuAw2d2csak%2BuG49Z0SeMqENQcl4GV2BeGrFwu4MT6sJGdDPz84qqx16D6DDDnCEsX9pRijAiz3ySb0KdxpmR%2FOe9hARgxC56kTdfY6%2FHjXTWDbDzPbx50kyURKPtNGCQaGGyN3V%2FYksswUOTnITeXUIiGAT3tHOc0GbTKo5CnlLrO%2BPacbML5XxEUlsIaVsKmxzou6GuDng%2BP6IDf9TYDOC4LzgCehLsur5mrUNs1pnLG32%2BVabLLIeCOgGzqkvbYtSe%2BGsffMKdlqFbDf4gHI5rSMJU1BWcIOg&nvMid=29030189588&catId=50000248
Apple 아이폰 13 미니 512GB [LG U+],"672,100원",https://cr.shopping.naver.com/adcr.nhn?x=vc4vFKChdEjC%2FOT%2FlBuIEf%2F%2F%2Fw%3D%3DsjZI4B5fDQJtqEskNy5YaTvsjaL5oJSTLexT2TiprBcrrlQPyQuHoHFsppYbPEdHaTbYUN6PTfgvdDuRjg%2BfgF0DNZV4FbDTGQnvgOiaeYG24fUxwyHmz%2Bs9iUh2qGLu%2ByFFtj8xtNOWc8TjznnkOpYZnlrSZr8PDPdBCvs8uWtdeJxHcKH4rYUhc5SxvGs%2FQhTHk89mV3o2ojkdwJOWr0CJO7jbxAC%2FhHJnJbE9pD225SET%2FmTh%2Bwr3iKnDGr9FRP6PCzk5GPOOGIbyb5vG1l8ZoL3dRK8ghZS%2BqxctDGupVXemfpmeX70wC2wQT5nyi5pxiwDZPU40LYzhHX%2FcRvw7KsrlztAP0YhJhXCkumXM9Z0SeMqENQcl4GV2BeGrFwu4MT6sJGdDPz84qqx16DwFHSrc1SSzrxS8JwGuqLbcKdxpmR%2FOe9hARgxC56kTdfY6%2FHjXTWDbDzPbx50kyUUL8CDsR2GxHr6Pm4W9wYJbg9HL5PY042frnJDEEQETmQbJE2qH6sAOiEA%2FCWTmW%2B5LzuvMnfQ5BeKHu0HtQ9M91w0JX2eWs94rJu%2BGe6fXfJwUiS%2BH%2FKvyoIlO3ylisDtgtAVNKtG%2FpBsS4%2Bz0EsjFXc50eBITwugSNPH3Ok09sVpGw61BSdoQRvEGgfFlc5w%3D%3D&nvMid=29030419586&catId=50000248
Apple 아이폰 13 프로 맥스 128GB [LG U+],"793,900원",https://cr.shopping.naver.com/adcr.nhn?x=Ea2TtbDLcL8x%2Bv5t0XuFev%2F%2F%2Fw%3D%3DslTcSN2hx3FMshoRof1G%2BAg1qmYSnMO2uQPH9%2Bx9L11NN4NgkrPIjlczCBjhk2dSMtEiAamP83LylaNzrWwSLYeeaCfSn0tRpQaDfU57Bq%2FW0oyQJNiJI2HfE1pHIHI%2FLIK0FoqdOPEOntWn7E7cdH8v%2BjB2erv%2BZ%2Brrs5VHOiTQgGE7%2BZatKjf5hEf1XctkKOk8u93tF6OAhEv8QijrI6ZbkCnZt3PKDnGtnPfTpWXV9gLRMuJH34gK%2BdKxxm2wLCbpG%2FhRpOxy5V99xykdqi6Lj%2BvSXPWhKT0BbyrMWxS%2Bk6v2w9jBqMGR4TTsgYaQnlII%2ByYYqWVu3SSXxcjEJdDGZR6akI1CJOYG7dLmzBArUQvs8GHq%2Bj7OvUNvyviyxeoI3z%2BL14z9v%2Fx%2BL9Zw%2FKrs34q4Ki7Nctg%2Fi3CwwoH0EdLuJh13gFOuABI1Cabywr1zQ3TaGfkdsxOv%2Bp53WSph2%2B170Lc%2Fh1s0cur%2FyDfmPU2Wu48FXzKTpLeNC9BkySZv9Z3vZVGXYiyeb1%2FD5s32dqjyxCp6jBgM1AsrhEYQ9OR508TAtGYhNc6jThpkEoAxwLFFfQ4E19tKPQYKk1n1MZpGhwey3KdhA6QozGy0DfkLIyuldBS3f8m8e6nLmzUhNzs2VE%2B%2Bisqs3JAEppg%3D%3D&nvMid=29030352586&catId=50000248
Apple 아이폰 13 프로 512GB [LG U+],"1,066,900원",https://cr.shopping.naver.com/adcr.nhn?x=8P6k9kJDpODW9yD%2BPdy5GP%2F%2F%2Fw%3D%3DsHa46DYRthIi6z67%2FFVsPc%2BpNCh2OxbJurxYoa3kgXHzrlQPyQuHoHFsppYbPEdHawHKH3iWJl3DN6AHsBfZXyTzr6bFe39166eRD698TfR24fUxwyHmz%2Bs9iUh2qGLu%2ByFFtj8xtNOWc8TjznnkOpYZnlrSZr8PDPdBCvs8uWtdeJxHcKH4rYUhc5SxvGs%2FQSPWiJ7SXrJmKgRhytiKLlyJO7jbxAC%2FhHJnJbE9pD225SET%2FmTh%2Bwr3iKnDGr9FRP6PCzk5GPOOGIbyb5vG1l8ZoL3dRK8ghZS%2BqxctDGupVXemfpmeX70wC2wQT5nyi5pxiwDZPU40LYzhHX%2FcRv6KhmwenjYr%2FympWZnch%2Fbg9Z0SeMqENQcl4GV2BeGrFwu4MT6sJGdDPz84qqx16D7F9gv%2FDYFhSBn0eCuZpQPcKdxpmR%2FOe9hARgxC56kTdfY6%2FHjXTWDbDzPbx50kyUSeJL2t3c6r95TKEQLGoh4fg9HL5PY042frnJDEEQETmQbJE2qH6sAOiEA%2FCWTmW%2BxtrGphzxGokvI3Z2kRKQ%2BQ%2FPWmq%2FcgmeYqL9wpjI18wq27jxb1hj14l2wMh6ZdZfy0pQaRqVeGO3XPJ7gyEPjADfkLIyuldBS3f8m8e6nLmzUhNzs2VE%2B%2Bisqs3JAEppg%3D%3D&nvMid=29030295586&catId=50000248
Apple 아이폰 13 프로 맥스 512GB [LG U+],"1,470,200원",https://cr.shopping.naver.com/adcr.nhn?x=uopSWIhxNhweDypjuWiKsP%2F%2F%2Fw%3D%3DsTVWzXOzGyXyzAJQy5X4Y8HpLUEzh6S0CaoBb2MQTAmuGgjNtjvRyY8TaEm3AQ5UwDavamYEJJRZMr%2FUG%2BNXMdzpsfjctYhpHCXK2nSz7tgHjq3%2F2BYWgAIk2KkTum02Q77r9emyj8jGWqMjwuCMQ7d9%2BKy%2Fm0d%2BgYWHtEf61Jo5CNclKwvLyA%2Fys%2F%2FHPPajLpCX%2FcfcvGkZ1AroVE1C4VWNmcbgLr0lu2cCLGgyX7c9vsepmwRk8o%2FCB4DgHhnjV4EH5eCD8mIXYFNlKaILBaTPDpGIrabitp2up06DaRfi54J8UO7LDGXdPU9Do8oyMXmq0wb8nQ9S1CNyVqQgAyGAa2vK4toUroCK%2FYEjrEWwVjQCpIk5kx4sJW2hrRfnKqwZ9aKCnp%2BOD2OzgCp1jz%2Fd8vsxL16XFHWX6ZKKXTdaZzZyDfGo1SQoYRvXGDzWdJDnYvpfz%2Bh%2BZ6wVz3KJUXsds9B%2BMUzAQtFYI3wiD8cZlE3yTZ7kdFga0NlZ5aucV8jR8gVF8FlQ9pItE8Zzc8uSvx%2BbyYNIA8k2MpesCUw%2BbTrvWH5fZ%2Fv9AI50Spstljr%2Fvhuz%2FM2bOeEg7k3nONbWMm%2BIIyjDdnuagcCaHTqTa5bSY0T1s0lMURSOlWdDHQdAiJdwXirBRdnaxfvrBbw%3D%3D&nvMid=29030181590&catId=50000248
Apple 아이폰 13 512GB [LG U+],"800,800원",https://cr.shopping.naver.com/adcr.nhn?x=djrbOeLFM%2BptFaXG6Ut2t%2F%2F%2F%2Fw%3D%3DsowpSmIfj25NyUt9TOMC8OxeddPDX%2BffhqEiSGmmvRp%2BGgjNtjvRyY8TaEm3AQ5UwSMcpT58UjakeeiM2xOc%2FsTpsfjctYhpHCXK2nSz7tgHjq3%2F2BYWgAIk2KkTum02Q77r9emyj8jGWqMjwuCMQ7d9%2BKy%2Fm0d%2BgYWHtEf61Jo5CNclKwvLyA%2Fys%2F%2FHPPajLFE9QF%2F1S7E7CtXP8syJEuWNmcbgLr0lu2cCLGgyX7c9vsepmwRk8o%2FCB4DgHhnjV4EH5eCD8mIXYFNlKaILBaTPDpGIrabitp2up06DaRfi54J8UO7LDGXdPU9Do8oyMXmq0wb8nQ9S1CNyVqQgAyHeyAucBMTfTlU3MvKwwpDQVjQCpIk5kx4sJW2hrRfnKqwZ9aKCnp%2BOD2OzgCp1jz7jmrmgQ28IVTq4GSO4ZKsmZzZyDfGo1SQoYRvXGDzWdJDnYvpfz%2Bh%2BZ6wVz3KJUXvQXR6%2FqP7fyYs7AV87GWByE4FQdvRmo7oxOSvwywmch%2FV0IQpvnnh0IlYXtFKwA6%2Fg6Vt7eSW6FsRNI5r98EacSzxwVRNV%2FYRemZK5z1sCEj%2Bw5pxEG87YlQlpoMEd0RW2NXhu5wGdCIJJuxZmMqZNB0CIl3BeKsFF2drF%2B%2BsFv&nvMid=29030296586&catId=50000248
Apple 아이폰 13 프로 맥스 1TB [LG U+],"1,768,200원",https://cr.shopping.naver.com/adcr.nhn?x=HMAAJugYG1Qr6XumDHjaJv%2F%2F%2Fw%3D%3DsZtxmHUVgIDLwq%2BW7YHPwlKob346F4%2FYiDAkI%2FOjnnhqGgjNtjvRyY8TaEm3AQ5UwZcXR25QvPQoe5gCVsWAI5TpsfjctYhpHCXK2nSz7tgHjq3%2F2BYWgAIk2KkTum02Q77r9emyj8jGWqMjwuCMQ7d9%2BKy%2Fm0d%2BgYWHtEf61Jo5CNclKwvLyA%2Fys%2F%2FHPPajL%2BVDbCdrum3DdlTmOKFgbp2NmcbgLr0lu2cCLGgyX7c9vsepmwRk8o%2FCB4DgHhnjV4EH5eCD8mIXYFNlKaILBaTPDpGIrabitp2up06DaRfi54J8UO7LDGXdPU9Do8oyMXmq0wb8nQ9S1CNyVqQgAyKR3zSvGo7T2vNIrqaTr7sIVjQCpIk5kx4sJW2hrRfnKqwZ9aKCnp%2BOD2OzgCp1jzytMDMstb%2F4o9eLVG4BGc4uZzZyDfGo1SQoYRvXGDzWdJDnYvpfz%2Bh%2BZ6wVz3KJUXsds9B%2BMUzAQtFYI3wiD8cacEKdPUOJCEhYJKGZyJwgLXGfKYExq7uG4FGIUYcPNsX%2F6dtwUEyJTKm7inwGX%2BdcLyjjRoiFdFoCU1yoJ0nusv4YGjJCSIW1IvBxXT1wG9xTrhTxbRzigcfSMt8Ydml0DfkLIyuldBS3f8m8e6nLmzUhNzs2VE%2B%2Bisqs3JAEppg%3D%3D&nvMid=29030181587&catId=50000248
Apple 아이폰 13 프로 1TB [LG U+],"1,597,200원",https://cr.shopping.naver.com/adcr.nhn?x=9WkethErWwm6rgWBspeMJf%2F%2F%2Fw%3D%3DsMXEJypGgLtqs3PjccovmCQhVoHPaSbVTrO0pqawcLheGgjNtjvRyY8TaEm3AQ5UwXyvnFSVUWBR%2BzyKSdqjo8zpsfjctYhpHCXK2nSz7tgHjq3%2F2BYWgAIk2KkTum02Q77r9emyj8jGWqMjwuCMQ7d9%2BKy%2Fm0d%2BgYWHtEf61Jo5CNclKwvLyA%2Fys%2F%2FHPPajLu3M6JhG%2FsadIzTtu0T5M22NmcbgLr0lu2cCLGgyX7c9vsepmwRk8o%2FCB4DgHhnjV4EH5eCD8mIXYFNlKaILBaTPDpGIrabitp2up06DaRfi54J8UO7LDGXdPU9Do8oyMXmq0wb8nQ9S1CNyVqQgAyKAppk4%2FP%2FRQ2FIHfSy2M6QVjQCpIk5kx4sJW2hrRfnKqwZ9aKCnp%2BOD2OzgCp1jz5WhCOv1EKAlz%2B029vL1PdmZzZyDfGo1SQoYRvXGDzWdJDnYvpfz%2Bh%2BZ6wVz3KJUXpApXj%2FgdhHWz1aGeJzNhLMZyVXP8MBx51PcdtMFtsvBK2ud1b%2BfZwYPU0n%2BzLfOdUW%2BKyocthgvYTabkflkr69PwCXFJiRdosf3os3K%2FWn1eoiZ4X9%2BFvTMh%2BnmXGuw8daIacpa8rtOvrPtcCLWumTNjqh%2FZemCCOboDhnweAmG&nvMid=29030294586&catId=50000248
APLLE 아이폰13 미니 128GB 미개봉 미개통 새상품,"700,230원",https://cr.shopping.naver.com/adcr.nhn?x=SqKSg8garDjMmEHjoqG1Vf%2F%2F%2Fw%3D%3Dsm5dx9QiQmvAWDl5iADAdnCitYeqrhaSz2vNg38B5X72GgjNtjvRyY8TaEm3AQ5UwxkQVMP2mmZGCNpWJUHFzODpsfjctYhpHCXK2nSz7tgHjq3%2F2BYWgAIk2KkTum02QNkSkg6u3wzk6rzAoTc6KLFDHuPCXPk7z4O3%2Bw2Pgn9helejFdkqFTSchcszRHkry9nzZ4rQyu1gVi3a1S36d1389NO4ictNhDaCHJXCvsnwVypu9K08x0l0GFQxqa7%2FlM8OkYitpuK2na6nToNpF%2BLngnxQ7ssMZd09T0OjyjIxearTBvydD1LUI3JWpCADIOsh7HWRPA8rup9wsPauT6q8Z9xYKAeeXusGxMgRxJ0SHbXnxMaJLt0UI1KO%2F1kl4d%2BrHHgsBLhVgtcnX2MtD10QpbEKB26vEFYoUVEN2HQgxnxE623vf3bJ3JQYDVdZQAtTCNb9Z%2FusE8obdU8YwloLJnOy%2BCB76tQBGXxL1hOpJ5I%2F0WJpz%2BikM6D7MA9%2FTOVnzmQ0zhX1eRnn9M8Hft0L4jYoAN%2F%2Baajvyhkm14J4aIbT4wPT2RVq4kndhIVrUrEknQJEDq4PElCWtwvro25b59iTP7iJiZIpXdOFn74DLVWGr8fvvH1mWvUgXPK6j&nvMid=28956594759&catId=50001519
애플 아이폰13 미니 자급제 공기계 새제품,"880,000원",https://cr.shopping.naver.com/adcr.nhn?x=ygiI8a%2Fhg6nUinx2NxCgbf%2F%2F%2Fw%3D%3Ds1k24JtVxFSj%2FnNDCL4%2BWwphizy8XpSlElg2KqtKSAbGGgjNtjvRyY8TaEm3AQ5UwAvCFzCp%2B51mgzvmzzuuZzzpsfjctYhpHCXK2nSz7tgHjq3%2F2BYWgAIk2KkTum02Q77r9emyj8jGWqMjwuCMQ7US%2BortKzfQDWBF5GV%2FKfqEhJv3ljJo79VVIpj6%2Fm3WOYuTPB6gaxgwabsu36xpNj5zshAyfvwAgeq3Ff8%2FuyJVjI50HZy%2FcLV2dSyPQS0HhEIZJB1yuP5kkcuYnGBP9u2Qvkl1McMi1HJJ7bnAAAbVIxA39kFpqunwQ5AQh4XnbL5Qg%2B1ef59DaSnBiNLwZ7ZptSS7t6N9Ll9JED9XkZDUcQo8qoAfdk1vQ%2B7vbAZ4btAyLH4krdKJGz3Ch%2BOvRWDhykrwmseVOuLIPUaO6xo6t6rdzc0xampURMKnqRjdpYqIwHQp1BS0ge5Bh8kmzEnR26cmXygepuWpxN7vMw01wCNXMcRruKhs10AM45qbwvE2Q4lOUpMwQeRnjyKMOfx742FtEp43mjhhVad21j8YqTMm%2BCFgQxsj3jYraf1VtNCESvvioSpnuE%2BPt9c1q0FdznR4EhPC6BI08fc6TT2xWkbDrUFJ2hBG8QaB8WVzn&nvMid=83563618450&catId=50001519
Apple 아이폰 13 Pro 자급제 128GB 시에라 블루,"1,269,460원",https://cr.shopping.naver.com/adcr.nhn?x=im3VPsayFDE6Evz2NqsK5P%2F%2F%2Fw%3D%3Dsl%2B02A1z%2B7J6O2q5uHLajdf9umDK4IC%2BUvbFripg1ZCiGgjNtjvRyY8TaEm3AQ5Uwte5yc8O1q%2FivsJJc93fVNzpsfjctYhpHCXK2nSz7tgHjq3%2F2BYWgAIk2KkTum02Q77r9emyj8jGWqMjwuCMQ7RzWbUP4hsfkDiMh%2FeiprrdhOluJ1tWQQiXRTgst1zfMd6bHlna6LOLB6PkUuNvGbiXxxo7lc7fZuGDcxIIfYzTShCQmUQwk8VNPYhTgxlLePaoIgcn4NVpR8Wwxkto2SUK%2F%2BA%2B3jxjgZV5q4hnA6xeHeL9%2BKglxnQMeCPqNw4vxxmgvd1EryCFlL6rFy0Ma6lVd6Z%2BmZ5fvTALbBBPmfKLmnGLANk9TjQtjOEdf9xG%2Ff6qScriMgAkrka2O5dM5c4UGqVixlRawlOfNP3JaNpcr3wpohlrhUETRXnCpgZJODPJSCsQvYh5JDjjrNziNF4wefsEME1qpc2agpsB5My9rjZ2xmQBbSTpS2KGtxtV54bp%2FLT85husBB%2B0nzDelJP8v11sJCbjKIVhmK8UESFNwB9fmaBRuTIlerEDIbwhY0zZNqdkHoDc4prBr0jboEjFnPm2aR97HPqSojnycRoCr7VAb36ErED7xDOmVlGU6FDecCMf8IO%2BljZX3Q6wHcBzz2y%2Bwxx0BuYB1nBtey6cDfkLIyuldBS3f8m8e6nLmzUhNzs2VE%2B%2Bisqs3JAEppg%3D%3D&nvMid=29056584214&catId=50001519
APLLE 아이폰13 미니 128GB 미개봉 미개통 새상품,"748,900원",https://cr.shopping.naver.com/adcr.nhn?x=k7YCyKW0OxkwOvBuxrwr1P%2F%2F%2Fw%3D%3DsygPpbSqbipKuZjCGRrY0IdOfVVQGYVhdXg65LsT7iRSGgjNtjvRyY8TaEm3AQ5UwPi5wSOC323LoECenbpfmXjpsfjctYhpHCXK2nSz7tgHjq3%2F2BYWgAIk2KkTum02Q77r9emyj8jGWqMjwuCMQ7US%2BortKzfQDWBF5GV%2FKfqEhJv3ljJo79VVIpj6%2Fm3WOXvR1bph5Zb4b0XtJdchd2pzshAyfvwAgeq3Ff8%2FuyJVjI50HZy%2FcLV2dSyPQS0HhEIZJB1yuP5kkcuYnGBP9u%2F4Q8ol2fOiaPmREOuAVetl0OLjCcl7%2FwcMbSfSXny6%2BA9wkfe%2BU2amvCDmPEvOqKpptSS7t6N9Ll9JED9XkZDXMuZ4oetuRqapAp%2FlkIwIw2iV76ZD6jlmfM6nBpXWig7hJAUVW2i05rtZY7W%2Bkf3ea01ukK1VAk5b5VgJul0z9gJYOiuV%2BAvf5VWHyiR1JeTulBXMG7WVUNNGPsx5675daX5JHlBMpIw5%2BNqgazxEK5qDJJQm94Mmfy5p0oAUkfrFnfo5VVuLQy8xOebc3o%2FPhfi%2BspfGVaL2zysQ7%2F00PGRerYjIFL5NkYP0TRznnauo%2F1GSKc5iH8geNPAfO1%2BgGruH08DlKshetxY8KUEZb&nvMid=83423547850&catId=50001519
아이폰 13 자급제 128GB 핑크 MLPH3KH/A,"1,046,727원",https://cr.shopping.naver.com/adcr.nhn?x=vv%2BvSpgRwpqsQssL22l%2Bdv%2F%2F%2Fw%3D%3DsZXgwZOPhAjR4FUbHcA2N%2BqH55qg%2Fr0roRfBY2LfUeT9N4NgkrPIjlczCBjhk2dSMUq1UWequvzYg1JDyg1w9X%2BeaCfSn0tRpQaDfU57Bq%2FW0oyQJNiJI2HfE1pHIHI%2FLvtvz8grbVFwn52MgcL%2FZeOyBoNC0%2FiRMqIA19FGGfWevW%2B2V1S%2BDZFDVz5SP48nql%2FqugFzGnc5k4LnjDJ%2Fx4i1rNikbyXVba6qYcyknty9%2BsskCGU%2FbGn5PtEhzOz6Y5vUH%2Bjf9IeUWT%2FRovt5iepHS%2B3yodrlyaI7y7Z5sF0Bjr%2BIgYW8lO5Abt1MMZUmA334rL%2BbR36BhYe0R%2FrUmjgBSTS1sRv49oBHxm%2Bxq6Hgu4IEGgePtal99AOcts09J4c%2FdrVB2sWOjsZN6Za7%2BQth70KxtauexuiiD73hEv8jdaCwM9K%2BJ8BhK%2FibaQUdlvzAgklX3AXTD8KZxgG1xumm%2BWZ%2B%2FebxNDvJ%2BgQ6CNCJ22j9z0XBNZO%2Bsk%2F505hjD%2FBdaGxPrOGnWaKo%2FMHbdmF2e%2BiiWQpU2i6IrG8WK0hC10fOfbXsu9peP1djaeROpTrTumo5mhOpOzOZgaZ51eNmVVgsMQmmcjxwXoIw9IhbFOGcciM7wXBnSrwKcg1%2B%2FcNVG%2Fo0ln%2FaBVo6sWbEFLA4SwcLvxUEucVmH%2BcOht40%3D&nvMid=29609866919&catId=50001519
Apple 아이폰 13 Pro 자급제 256GB 실버,"1,490,000원",https://cr.shopping.naver.com/adcr.nhn?x=Y3JYiNt3BvaCotZH5SCshf%2F%2F%2Fw%3D%3DsbaoZ1mOc8iUZqunKRJimbveS%2FYl1Sh5eC0lIbdtWUFbrlQPyQuHoHFsppYbPEdHajJuWRiP993Gdj0zAZCfI%2F661dYc3uhwtbzXXYHHMI8q4fUxwyHmz%2Bs9iUh2qGLu%2ByFFtj8xtNOWc8TjznnkOpePYFsKOGABFhj5ZzjFkFAeKjyp0s01e9YG50wI1msUPhccDuMc5z4LdpGHOH3GIHbd5kMp%2Fe6x%2FXM2TQA0W4ySCfm3B2SQ985pmxAigUL6%2BzwjhJEpHBCiUfyTGXUdx8GHcMwMPueH5ImIC08oHwCMDsrZ%2BoLJLzcAhraTUjEKxxj%2FndHW6NU3XOJCTtB7eX8v%2BjB2erv%2BZ%2Brrs5VHOiTRLlIk0uAh1LVcUK1nkYRMYtJftyR01XyPEH%2ByjkWs5WSKJ1ClfT5qJLwdxGLuplujYe9CsbWrnsboog%2B94RL%2FIr2usrW2uQoNsDN7OCwyNBVp%2BiM69rtZoGmolz8iSxPHGc4rMR7shA2z21jJoflWDN88nO10IMUR9gYpeBudxSzUPvww3bTiPBp5izfmgRs8hwTy9hPmAQzBeK5qT%2BzMDl%2FFVYXgvTvv65n2qfPHNEvYYX%2Bozrm%2BYc10l5vyPEzoaIbT4wPT2RVq4kndhIVrUR9aXLMa1hSPRkYZovyENge2sOVjS2xRrlqOuZHbtNCjLVWGr8fvvH1mWvUgXPK6j&nvMid=29698384640&catId=50001519
Apple 아이폰 13 Pro Max 자급제 256GB 실버,"1,532,600원",https://cr.shopping.naver.com/adcr.nhn?x=Ex6V7fvp6MYRbZN1I2t9Av%2F%2F%2Fw%3D%3DsDjjDof01NE%2Fwq5L%2BJEpb2al19bxWHRpTh%2BAQ9wlfJ82GgjNtjvRyY8TaEm3AQ5Uw1XiFHAPy0%2B6zeoA8g0iAPTpsfjctYhpHCXK2nSz7tgHjq3%2F2BYWgAIk2KkTum02Q77r9emyj8jGWqMjwuCMQ7RzWbUP4hsfkDiMh%2FeiprrdhOluJ1tWQQiXRTgst1zfMd6bHlna6LOLB6PkUuNvGbj7FZZ3RK%2ByiKZI%2BRiC3R%2BPfff9cgw4i8LnPCxVBEci2BD2h6WqyMpA8Zr%2BA7pAVvUK%2F%2BA%2B3jxjgZV5q4hnA6xf1uLiA3fvtdW3fPvHxRWK3xmgvd1EryCFlL6rFy0Ma6lVd6Z%2BmZ5fvTALbBBPmfKLmnGLANk9TjQtjOEdf9xG%2FBa6XKXk50BCef0%2Bx3xQWLoUGqVixlRawlOfNP3JaNpcr3wpohlrhUETRXnCpgZJOjPaj2vt5CD5kP5cot8mCI4wefsEME1qpc2agpsB5My9rjZ2xmQBbSTpS2KGtxtV5%2BWgfrfroNvzHWX4Eg3iJVgPtGsect%2Bz137CUgL8w3%2BM9LH37yOODS%2FK4zdoqjwRG33ygu6lFz%2FpcdQfWyLEnogf7ur1WIAW5Juk1BqhdgviPBimPDZwOttZjcrwUclZ9%2BMHwdpa%2Fgkr9UdoN0eu6X9R5ijpbDoer%2FnzhvJIqZXZoaKZHilHbuauHUigNM5KA&nvMid=29477160010&catId=50001519
Apple 아이폰 13 Pro Max 자급제 256GB 시에라 블루,"1,532,600원",https://cr.shopping.naver.com/adcr.nhn?x=zQOToYIQTIrGz%2FuyN7%2BB3%2F%2F%2F%2Fw%3D%3Ds2oco2C6kyeH8u13sbaIdjDRJUz93NiazV5HpVx9SYVZN4NgkrPIjlczCBjhk2dSMYR4AHpO6IOYkpM9zbxLlEOeaCfSn0tRpQaDfU57Bq%2FW0oyQJNiJI2HfE1pHIHI%2FLSGQEO9WFy0EsnmIczFVsPW6IdemuhMaRXNFs4t7grWz%2BdsI0oBV0GFufH9Q6MaoxuqKp5BEw4mdjflcNtQ%2FmKQGXiJXhl5bfwnjGTJYLaM9u3EY%2Ba56x5XVz0GI4GBvlI26%2FMKaPhCcewOg5W9mo%2BiOem93%2B2u0L99PxeC9matCsx8q7pELhdgMwS7rw63GKM8OkYitpuK2na6nToNpF%2BLngnxQ7ssMZd09T0OjyjIxearTBvydD1LUI3JWpCADImRt%2FMD%2FRGergnh2jUxvik0BbuLFgulyyqMzVBE5Ho7FhjJCiYA4JHC9pe%2FgFTXe%2FflErxDCZg0oc96kdfLq4HmUdtgOqeBpHQeUxIe1ruqz%2FmRuoCAlNwBprgb%2BlQN9Sf3X4FaRgSnqHY1umThMXlns%2BFJ%2Fd%2BJCl8Mhbnsg1eM7sroft%2FeakUDq92ikxDQH4D08EF1vCEEnyhODcLwsO6vh5C4FNKWAOKWpLDj4a%2BszmELFO07QEQYUyi%2Bk709RTNQVebIxbNxYAs3Pydxmy%2B1OtuVp76b9XneKWpfKNCJIDfkLIyuldBS3f8m8e6nLmzUhNzs2VE%2B%2Bisqs3JAEppg%3D%3D&nvMid=29056562163&catId=50001519
Apple 아이폰 13 자급제 128GB 블루,"1,046,490원",https://cr.shopping.naver.com/adcr.nhn?x=i%2FLslQgd31Bk6dHGaNdKjv%2F%2F%2Fw%3D%3Dsi7XRcNKBQixOqvjZ%2BjNsnKgj5cecMjrTc3JMXUyJ%2BIeGgjNtjvRyY8TaEm3AQ5UwqQ1BjnLwkJ8fzTLTQQNupzpsfjctYhpHCXK2nSz7tgHjq3%2F2BYWgAIk2KkTum02Q77r9emyj8jGWqMjwuCMQ7RzWbUP4hsfkDiMh%2FeiprrdhOluJ1tWQQiXRTgst1zfMd6bHlna6LOLB6PkUuNvGbpg0UD48iKpIXMX5pX6p3laCbxKdLivHsjgRdn6vh5WM6LrxOziAArvMI%2Bie4BxZ00K%2F%2BA%2B3jxjgZV5q4hnA6xdXHmyfey4GUOhVapqoLxfvxmgvd1EryCFlL6rFy0Ma6lVd6Z%2BmZ5fvTALbBBPmfKLmnGLANk9TjQtjOEdf9xG%2FxCEvrRs01B4hktsaV4jGwIUGqVixlRawlOfNP3JaNpcr3wpohlrhUETRXnCpgZJOdOGtXW5z8DXikLTHD7OvR4wefsEME1qpc2agpsB5My9rjZ2xmQBbSTpS2KGtxtV5zsH5jOFn84TDjHByBH%2BQUVU6Vtoq315K93KoDisquj8GQ9gw9OBCYzxYVU2NTWOFO9Sms%2FNi%2BgcxEzKdI7B8Mbk9yx2LE4ozzid%2FD5TsgrqHIAzTo5QFgQMZjw8k%2BClT3bRYRlRjlWLGd9eRxtkZ2QE0KAaGcmhjIDxXiPYBFw0NUJgJp6CUXauCvW7Y5AjN&nvMid=29619782067&catId=50001519
APLLE 아이폰13 미니 128GB 미개통 미개봉 새상품,"688,990원",https://cr.shopping.naver.com/adcr.nhn?x=kFWWyMTTBug6KU4%2BR2cwcf%2F%2F%2Fw%3D%3Ds36NmqNSWxssX%2FqfjWcw1dIZLvhj1cOAeAYC3UumnSn%2BGgjNtjvRyY8TaEm3AQ5UwhEhb4HenVDDUDc8evWLkRTpsfjctYhpHCXK2nSz7tgHjq3%2F2BYWgAIk2KkTum02QNkSkg6u3wzk6rzAoTc6KLFDHuPCXPk7z4O3%2Bw2Pgn9helejFdkqFTSchcszRHkryP6zAhKAWbSZw6TKPmAlRRqCvU%2BCpGirmEUI81qFLmqIVypu9K08x0l0GFQxqa7%2FlM8OkYitpuK2na6nToNpF%2BLngnxQ7ssMZd09T0OjyjIxearTBvydD1LUI3JWpCADIS3Nwen9gMATVlS4rBXDHp68Z9xYKAeeXusGxMgRxJ0RG5oNHYusRcUPC9Om1jnCRw6NzklBzzRfS9v6rahE2LEQpbEKB26vEFYoUVEN2HQgxnxE623vf3bJ3JQYDVdZQelA0wRfdVk%2ByBrTG7mtBu9xPuXLEzn9RKdZ0ccbjEyhJ5I%2F0WJpz%2BikM6D7MA9%2FT5AyJApnTc8YMbU3AcfxP6L1jZv%2BA5KLx3cYEp6LmWv4aIbT4wPT2RVq4kndhIVrUUksG7Q8PpV7SGpcptBmnbUFbhiezewhKXMknzSXfMxaFbDf4gHI5rSMJU1BWcIOg&nvMid=29003990842&catId=50001519
아이폰 13 미니 자급제 128GB 핑크 MLK23KH/A,"912,285원",https://cr.shopping.naver.com/adcr.nhn?x=PQFAxcOIrrl9TXPiv%2BbI2%2F%2F%2F%2Fw%3D%3DszzM3fzwrnMek4Y0taF8TTto2Cr5MmUOuJYaEpsyPasZN4NgkrPIjlczCBjhk2dSMdzxFEYCWSyrrx5VN6JbG7eeaCfSn0tRpQaDfU57Bq%2FW0oyQJNiJI2HfE1pHIHI%2FLvtvz8grbVFwn52MgcL%2FZeOyBoNC0%2FiRMqIA19FGGfWevW%2B2V1S%2BDZFDVz5SP48nqt7qW77UEd7Gl96Uct5qWSy1rNikbyXVba6qYcyknty9%2BsskCGU%2FbGn5PtEhzOz6Y5vUH%2Bjf9IeUWT%2FRovt5iepHS%2B3yodrlyaI7y7Z5sF0Bjr%2BIgYW8lO5Abt1MMZUmA334rL%2BbR36BhYe0R%2FrUmjgBSTS1sRv49oBHxm%2Bxq6HhgKdYypKH8ba8yLnR5szXvmr3KOB6%2F6LCl3iRfrh8VnNh70KxtauexuiiD73hEv8ic4jUEDlaOaFh00eEb%2Fi0TNp8lDjr4QQCbCEs1MVhKtmm%2BWZ%2B%2FebxNDvJ%2BgQ6CNCK6NExIUTtKzhOhX0Z35htyCmXFJ9LHTzWYkVLnjr8ijPpIjddxW1SKE68bg9fqiqQJYGePnnItCuWcqZoy9z1LP59pSLxPBC9ykHe1PiTGMGU3N0kWCShHUw4vdlvoRYUWwyYOOTD5nujc4bbbdUEuTaq3TW9CmOVsmglPHLIGnldznR4EhPC6BI08fc6TT2xWkbDrUFJ2hBG8QaB8WVzn&nvMid=29883287148&catId=50001519
"[하이마트]아이폰 13 미니 자급제 (128GB, 핑크)","950,000원",https://cr.shopping.naver.com/adcr.nhn?x=hS9dfqkPgdgRufXzPtKlr%2F%2F%2F%2Fw%3D%3DssDM2oi8e6oFgqZWUa%2Fw9lVD8onG9UuGtK10fKZHJAjKGgjNtjvRyY8TaEm3AQ5UwXrwjjbtPBJNXN6kAzhA2pTpsfjctYhpHCXK2nSz7tgHjq3%2F2BYWgAIk2KkTum02QNkSkg6u3wzk6rzAoTc6KLLr0FHkZQLoD73JYx%2BQMpSneAis%2FOxUwDnfRJu0t0WuOQtSloBSNpdaefUa%2Fh0JloQB9qRmsWxV5p1lsvbkyAuS9%2BSPLngXwAU0NVScAQxwi81Mc7lQeG%2F%2BguK0htRInzeomx49PJ8iMkQjB9Cd0S19m1iHvEbn8qF1WJCvG0uFxgcP3OC6MYf9RNTucvDDL5DJWfUmDEjvJKLN0qHkD11zIt9ELSj9ZgOwWGT6cXiS3NUJnit2TyE8yh3GxJ0fiPKRuo%2F%2FsP2wEz%2FfOyfxZ4QLKnTIrdT5kSpFUEKRF9IeS6nYt0P5vFdgOY0ddt5wMGa31ssdXJuRIRCexXXiJUhF1PlIdKr8CLiPq8HzjU506SUkr6L%2FFWr9Lob567vcohIG8BEKEjM8hgi%2FNTDK%2Fr6PCQrfMmVI6TIDmaybpn5E%2BOwyMyKwTFhRHCrWf56j6nKWRfrjtl2OPD36vkxy%2Bn5pi6FpybrUPvfIdZf6bFA8Og64ApXpFcbUizTdcku%2BIF%2FS6%2FX528oJDX%2F97o8ZoD0id5REb2Azcw5yU4wG9WI4ztRivKj%2BbCgm2N08W%2F1QG7wau4fTwOUqyF63FjwpQRls%3D&nvMid=29107565468&catId=50001519
